brand,phone_name,phone_price,,,,,,,,,,,,,,,,,,,,,,,,,,
Huawei,Huawei Honor 6,150,,,,,,,,,,,,,,,,,,,,,,,,,,
Huawei,Huawei Honor 6 Plus,156,,,,,,,,,,,,,,,,,,,,,,,,,,
Huawei,Huawei P8 Lite,141,,,,,,,,,,,,,,,,,,,,,,,,,,
Huawei,Huawei P8 Max,193,,,,,,,,,,,,,,,,,,,,,,,,,,
Huawei,Huawei Honor 7i,122,,,,,,,,,,,,,,,,,,,,,,,,,,
Huawei,Huawei GX8,167,,,,,,,,,,,,,,,,,,,,,,,,,,
Huawei,Huawei Nexus 6P,311,,,,,,,,,,,,,,,,,,,,,,,,,,
Huawei,Huawei Honor 5X,130,,,,,,,,,,,,,,,,,,,,,,,,,,
Huawei,Huawei Enjoy 5,150,,,,,,,,,,,,,,,,,,,,,,,,,,
Huawei,Huawei Mate 8,226,,,,,,,,,,,,,,,,,,,,,,,,,,
Huawei,Huawei Enjoy 5S,117,,,,,,,,,,,,,,,,,,,,,,,,,,
Huawei,Huawei Y6,200,,,,,,,,,,,,,,,,,,,,,,,,,,
Huawei,Huawei P9 Lite,142,,,,,,,,,,,,,,,,,,,,,,,,,,
Huawei,Huawei P9 Plus,987,,,,,,,,,,,,,,,,,,,,,,,,,,
Huawei,Huawei P9,217,,,,,,,,,,,,,,,,,,,,,,,,,,
Huawei,Huawei Honor 5C,83,,,,,,,,,,,,,,,,,,,,,,,,,,
Huawei,Huawei G9 Lite,135,,,,,,,,,,,,,,,,,,,,,,,,,,
Huawei,Huawei Y3 II,111,,,,,,,,,,,,,,,,,,,,,,,,,,
Huawei,Huawei Honor Note 8,195,,,,,,,,,,,,,,,,,,,,,,,,,,
Huawei,Huawei Nova Plus,331,,,,,,,,,,,,,,,,,,,,,,,,,,
Huawei,Huawei Honor 6X,109,,,,,,,,,,,,,,,,,,,,,,,,,,
Huawei,Huawei Enjoy 6,100,,,,,,,,,,,,,,,,,,,,,,,,,,
Huawei,Huawei Mate 9,314,,,,,,,,,,,,,,,,,,,,,,,,,,
Huawei,Huawei Mate 9 Pro,312,,,,,,,,,,,,,,,,,,,,,,,,,,
Huawei,Huawei Honor Magic,282,,,,,,,,,,,,,,,,,,,,,,,,,,
Huawei,Huawei P9 Lite 2017,178,,,,,,,,,,,,,,,,,,,,,,,,,,
Huawei,Huawei P8 Lite 2017,162,,,,,,,,,,,,,,,,,,,,,,,,,,
Huawei,Huawei Honor V9,195,,,,,,,,,,,,,,,,,,,,,,,,,,
Huawei,Huawei P10 Plus,248,,,,,,,,,,,,,,,,,,,,,,,,,,
Huawei,Huawei P10,259,,,,,,,,,,,,,,,,,,,,,,,,,,
Huawei,Huawei P10 Lite,120,,,,,,,,,,,,,,,,,,,,,,,,,,
Huawei,Huawei Enjoy 7 Plus,139,,,,,,,,,,,,,,,,,,,,,,,,,,
Huawei,Huawei Y7,80,,,,,,,,,,,,,,,,,,,,,,,,,,
Huawei,Huawei Nova Young,77,,,,,,,,,,,,,,,,,,,,,,,,,,
Huawei,Huawei Nova 2 Plus,184,,,,,,,,,,,,,,,,,,,,,,,,,,
Huawei,Huawei Nova 2,189,,,,,,,,,,,,,,,,,,,,,,,,,,
Huawei,Huawei Y7 Prime,135,,,,,,,,,,,,,,,,,,,,,,,,,,
Huawei,Huawei Honor 9,169,,,,,,,,,,,,,,,,,,,,,,,,,,
Huawei,Huawei Enjoy 7,100,,,,,,,,,,,,,,,,,,,,,,,,,,
Huawei,Huawei Y6 2017,110,,,,,,,,,,,,,,,,,,,,,,,,,,
Huawei,Huawei Honor V9 Play,150,,,,,,,,,,,,,,,,,,,,,,,,,,
Huawei,Huawei nova 2i,297,,,,,,,,,,,,,,,,,,,,,,,,,,
Huawei,Huawei Maimang 6,202,,,,,,,,,,,,,,,,,,,,,,,,,,
Huawei,Huawei Mate 10 Lite,211,,,,,,,,,,,,,,,,,,,,,,,,,,
Huawei,Huawei Mate 10 Pro,307,,,,,,,,,,,,,,,,,,,,,,,,,,
Huawei,Huawei Mate 10,248,,,,,,,,,,,,,,,,,,,,,,,,,,
Huawei,Huawei Honor 7x,192,,,,,,,,,,,,,,,,,,,,,,,,,,
Huawei,Huawei Honor 6C Pro,157,,,,,,,,,,,,,,,,,,,,,,,,,,
Huawei,Huawei Honor V10,238,,,,,,,,,,,,,,,,,,,,,,,,,,
Huawei,Huawei Honor 9 Lite,156,,,,,,,,,,,,,,,,,,,,,,,,,,
Huawei,Huawei Enjoy 7s,152,,,,,,,,,,,,,,,,,,,,,,,,,,
Huawei,Huawei Nova 2s,226,,,,,,,,,,,,,,,,,,,,,,,,,,
Huawei,Huawei P Smart,162,,,,,,,,,,,,,,,,,,,,,,,,,,
Huawei,Huawei Honor 7C,157,,,,,,,,,,,,,,,,,,,,,,,,,,
Huawei,Huawei nova 3e,210,,,,,,,,,,,,,,,,,,,,,,,,,,
Huawei,Huawei P20,298,,,,,,,,,,,,,,,,,,,,,,,,,,
Huawei,Huawei P20 Pro,397,,,,,,,,,,,,,,,,,,,,,,,,,,
Huawei,Huawei P20 Lite,188,,,,,,,,,,,,,,,,,,,,,,,,,,
Huawei,Huawei Enjoy 8,176,,,,,,,,,,,,,,,,,,,,,,,,,,
Huawei,Huawei Enjoy 8 Plus,175,,,,,,,,,,,,,,,,,,,,,,,,,,
Huawei,Huawei Honor 7A,107,,,,,,,,,,,,,,,,,,,,,,,,,,
Huawei,Huawei Y7 Prime 2018,155,,,,,,,,,,,,,,,,,,,,,,,,,,
Huawei,Huawei Enjoy 8e,195,,,,,,,,,,,,,,,,,,,,,,,,,,
Huawei,Huawei Honor 10,246,,,,,,,,,,,,,,,,,,,,,,,,,,
Huawei,Huawei Y6 2018,112,,,,,,,,,,,,,,,,,,,,,,,,,,
Huawei,Huawei Honor 7S,81,,,,,,,,,,,,,,,,,,,,,,,,,,
Huawei,Huawei Y5 2018,118,,,,,,,,,,,,,,,,,,,,,,,,,,
Huawei,Huawei Honor Play,226,,,,,,,,,,,,,,,,,,,,,,,,,,
Huawei,Huawei nova 3i,236,,,,,,,,,,,,,,,,,,,,,,,,,,
Huawei,Huawei Honor Note 10,329,,,,,,,,,,,,,,,,,,,,,,,,,,
Huawei,Huawei P smart+,183,,,,,,,,,,,,,,,,,,,,,,,,,,
Huawei,Huawei Mate 20 Lite,154,,,,,,,,,,,,,,,,,,,,,,,,,,
Huawei,Huawei Enjoy 8e Lite,91,,,,,,,,,,,,,,,,,,,,,,,,,,
Huawei,Huawei Honor 8x Max,227,,,,,,,,,,,,,,,,,,,,,,,,,,
Huawei,Huawei Honor 8x,187,,,,,,,,,,,,,,,,,,,,,,,,,,
Huawei,Huawei Maimang 7,258,,,,,,,,,,,,,,,,,,,,,,,,,,
Huawei,Huawei Y9 (2019),264,,,,,,,,,,,,,,,,,,,,,,,,,,
Huawei,Huawei Honor 8C,131,,,,,,,,,,,,,,,,,,,,,,,,,,
Huawei,Huawei Enjoy Max,240,,,,,,,,,,,,,,,,,,,,,,,,,,
Huawei,Huawei Enjoy 9 Plus,210,,,,,,,,,,,,,,,,,,,,,,,,,,
Huawei,Huawei Mate 20,391,,,,,,,,,,,,,,,,,,,,,,,,,,
Huawei,Huawei Mate 20X,531,,,,,,,,,,,,,,,,,,,,,,,,,,
Huawei,Huawei Mate 20 Pro,534,,,,,,,,,,,,,,,,,,,,,,,,,,
Huawei,Huawei Honor Magic 2,333,,,,,,,,,,,,,,,,,,,,,,,,,,
Huawei,Huawei Honor 10 Lite,159,,,,,,,,,,,,,,,,,,,,,,,,,,
Huawei,Huawei Enjoy 9,150,,,,,,,,,,,,,,,,,,,,,,,,,,
Huawei,Huawei nova 4,298,,,,,,,,,,,,,,,,,,,,,,,,,,
Huawei,Huawei Y Max,178,,,,,,,,,,,,,,,,,,,,,,,,,,
Huawei,Huawei Honor View 20,426,,,,,,,,,,,,,,,,,,,,,,,,,,
Huawei,Huawei P Smart 2019,145,,,,,,,,,,,,,,,,,,,,,,,,,,
Huawei,Huawei Honor Play 8A,182,,,,,,,,,,,,,,,,,,,,,,,,,,
Huawei,Huawei Y6 Pro,105,,,,,,,,,,,,,,,,,,,,,,,,,,
Huawei,Huawei P smart+ 2019,167,,,,,,,,,,,,,,,,,,,,,,,,,,
Huawei,Huawei nova 4e,245,,,,,,,,,,,,,,,,,,,,,,,,,,
Huawei,Huawei Enjoy 9s,247,,,,,,,,,,,,,,,,,,,,,,,,,,
Huawei,Huawei Enjoy 9e,127,,,,,,,,,,,,,,,,,,,,,,,,,,
Huawei,Huawei P30,395,,,,,,,,,,,,,,,,,,,,,,,,,,
Huawei,Huawei P30 Pro,612,,,,,,,,,,,,,,,,,,,,,,,,,,
Huawei,Huawei P30 lite,201,,,,,,,,,,,,,,,,,,,,,,,,,,
Huawei,Huawei Honor 20i,185,,,,,,,,,,,,,,,,,,,,,,,,,,
Huawei,Huawei Y5,85,,,,,,,,,,,,,,,,,,,,,,,,,,
Huawei,Huawei Honor 8s,120,,,,,,,,,,,,,,,,,,,,,,,,,,
Huawei,Huawei Honor 20 Lite,170,,,,,,,,,,,,,,,,,,,,,,,,,,
Huawei,Huawei P Smart Z,152,,,,,,,,,,,,,,,,,,,,,,,,,,
Huawei,Huawei Y9 Prime,181,,,,,,,,,,,,,,,,,,,,,,,,,,
Huawei,Huawei Mate 20X 5G,1273,,,,,,,,,,,,,,,,,,,,,,,,,,
Huawei,Huawei Honor 20 Pro,409,,,,,,,,,,,,,,,,,,,,,,,,,,
Huawei,Huawei Honor 20,490,,,,,,,,,,,,,,,,,,,,,,,,,,
Huawei,Huawei Maimang 8,217,,,,,,,,,,,,,,,,,,,,,,,,,,
Huawei,Huawei nova 5 Pro,350,,,,,,,,,,,,,,,,,,,,,,,,,,
Huawei,Huawei Honor Play 8,127,,,,,,,,,,,,,,,,,,,,,,,,,,
Huawei,Huawei Honor 9x Pro,311,,,,,,,,,,,,,,,,,,,,,,,,,,
Huawei,Huawei Honor 9x,197,,,,,,,,,,,,,,,,,,,,,,,,,,
Huawei,Huawei Honor 20S,273,,,,,,,,,,,,,,,,,,,,,,,,,,
Huawei,Huawei Enjoy 10 Plus,218,,,,,,,,,,,,,,,,,,,,,,,,,,
Huawei,Huawei Honor Play 3e,148,,,,,,,,,,,,,,,,,,,,,,,,,,
Huawei,Huawei Honor Play 3,152,,,,,,,,,,,,,,,,,,,,,,,,,,
Huawei,Huawei Mate 30 Pro,930,,,,,,,,,,,,,,,,,,,,,,,,,,
Huawei,Huawei Mate 30,615,,,,,,,,,,,,,,,,,,,,,,,,,,
Huawei,Huawei Nova 5T,303,,,,,,,,,,,,,,,,,,,,,,,,,,
Huawei,Huawei nova 5z,234,,,,,,,,,,,,,,,,,,,,,,,,,,
Huawei,Huawei Enjoy 10,168,,,,,,,,,,,,,,,,,,,,,,,,,,
Huawei,Huawei Y9s,249,,,,,,,,,,,,,,,,,,,,,,,,,,
Huawei,Huawei Honor V30 Pro,539,,,,,,,,,,,,,,,,,,,,,,,,,,
Huawei,Huawei Honor V30,476,,,,,,,,,,,,,,,,,,,,,,,,,,
Huawei,Huawei Nova 6,408,,,,,,,,,,,,,,,,,,,,,,,,,,
Huawei,Huawei nova 6 SE,324,,,,,,,,,,,,,,,,,,,,,,,,,,
Huawei,Huawei Y6s,137,,,,,,,,,,,,,,,,,,,,,,,,,,
Huawei,Huawei P40 Lite,275,,,,,,,,,,,,,,,,,,,,,,,,,,
Huawei,Huawei P40,679,,,,,,,,,,,,,,,,,,,,,,,,,,
Huawei,Huawei Honor 30S,470,,,,,,,,,,,,,,,,,,,,,,,,,,
Huawei,Huawei Honor Play 9A,170,,,,,,,,,,,,,,,,,,,,,,,,,,
Huawei,Huawei P40 Lite E,194,,,,,,,,,,,,,,,,,,,,,,,,,,
Huawei,Huawei Honor Play 4T Pro,230,,,,,,,,,,,,,,,,,,,,,,,,,,
Huawei,Huawei Honor 30 Pro,639,,,,,,,,,,,,,,,,,,,,,,,,,,
Huawei,Huawei Honor 30,487,,,,,,,,,,,,,,,,,,,,,,,,,,
Huawei,Huawei Nova 7 Pro,680,,,,,,,,,,,,,,,,,,,,,,,,,,
Huawei,Huawei Nova 7,550,,,,,,,,,,,,,,,,,,,,,,,,,,
Huawei,Huawei nova 7 SE,450,,,,,,,,,,,,,,,,,,,,,,,,,,
Xiaomi,Xiaomi Redmi Note,130,,,,,,,,,,,,,,,,,,,,,,,,,,
Xiaomi,Xiaomi Redmi Note 2,113,,,,,,,,,,,,,,,,,,,,,,,,,,
Xiaomi,Xiaomi Mi4c,122,,,,,,,,,,,,,,,,,,,,,,,,,,
Xiaomi,Xiaomi Mi4S,128,,,,,,,,,,,,,,,,,,,,,,,,,,
Xiaomi,Xiaomi Redmi 3S,117,,,,,,,,,,,,,,,,,,,,,,,,,,
Xiaomi,Xiaomi Redmi Note 4,169,,,,,,,,,,,,,,,,,,,,,,,,,,
Xiaomi,Xiaomi Mi5s Plus,256,,,,,,,,,,,,,,,,,,,,,,,,,,
Xiaomi,Xiaomi Mi5s,198,,,,,,,,,,,,,,,,,,,,,,,,,,
Xiaomi,Xiaomi Mi Note 2,162,,,,,,,,,,,,,,,,,,,,,,,,,,
Xiaomi,Xiaomi Redmi 4A,90,,,,,,,,,,,,,,,,,,,,,,,,,,
Xiaomi,Xiaomi Redmi Note 4X,135,,,,,,,,,,,,,,,,,,,,,,,,,,
Xiaomi,Xiaomi Redmi 4X,135,,,,,,,,,,,,,,,,,,,,,,,,,,
Xiaomi,Xiaomi Mi5c,139,,,,,,,,,,,,,,,,,,,,,,,,,,
Xiaomi,Xiaomi Mi6,226,,,,,,,,,,,,,,,,,,,,,,,,,,
Xiaomi,Xiaomi Mi Max 2,241,,,,,,,,,,,,,,,,,,,,,,,,,,
Xiaomi,Xiaomi Mi5x,165,,,,,,,,,,,,,,,,,,,,,,,,,,
Xiaomi,Xiaomi Redmi Note 5A,135,,,,,,,,,,,,,,,,,,,,,,,,,,
Xiaomi,Xiaomi Mi A1,175,,,,,,,,,,,,,,,,,,,,,,,,,,
Xiaomi,Xiaomi Mi Mix 2,233,,,,,,,,,,,,,,,,,,,,,,,,,,
Xiaomi,Xiaomi Mi Note 3,195,,,,,,,,,,,,,,,,,,,,,,,,,,
Xiaomi,Xiaomi Redmi 5A,141,,,,,,,,,,,,,,,,,,,,,,,,,,
Xiaomi,Xiaomi Redmi 5 Plus,150,,,,,,,,,,,,,,,,,,,,,,,,,,
Xiaomi,Xiaomi Redmi 5,118,,,,,,,,,,,,,,,,,,,,,,,,,,
Xiaomi,Xiaomi Redmi Note 5,128,,,,,,,,,,,,,,,,,,,,,,,,,,
Xiaomi,Xiaomi Mi Mix 2s,336,,,,,,,,,,,,,,,,,,,,,,,,,,
Xiaomi,Xiaomi Mi 6x,194,,,,,,,,,,,,,,,,,,,,,,,,,,
Xiaomi,Xiaomi Redmi S2,140,,,,,,,,,,,,,,,,,,,,,,,,,,
Xiaomi,Xiaomi Mi8,260,,,,,,,,,,,,,,,,,,,,,,,,,,
Xiaomi,Xiaomi Mi8 SE,241,,,,,,,,,,,,,,,,,,,,,,,,,,
Xiaomi,Xiaomi Redmi 6A,94,,,,,,,,,,,,,,,,,,,,,,,,,,
Xiaomi,Xiaomi Redmi 6,117,,,,,,,,,,,,,,,,,,,,,,,,,,
Xiaomi,Xiaomi Redmi 6 Pro,156,,,,,,,,,,,,,,,,,,,,,,,,,,
Xiaomi,Xiaomi Mi Max 3,190,,,,,,,,,,,,,,,,,,,,,,,,,,
Xiaomi,Xiaomi Mi A2,155,,,,,,,,,,,,,,,,,,,,,,,,,,
Xiaomi,Xiaomi Mi A2 Lite,157,,,,,,,,,,,,,,,,,,,,,,,,,,
Xiaomi,Xiaomi Pocophone F1,313,,,,,,,,,,,,,,,,,,,,,,,,,,
Xiaomi,Xiaomi Redmi Note 6 Pro,140,,,,,,,,,,,,,,,,,,,,,,,,,,
Xiaomi,Xiaomi Mi8 Lite,170,,,,,,,,,,,,,,,,,,,,,,,,,,
Xiaomi,Xiaomi Mi Mix 3,422,,,,,,,,,,,,,,,,,,,,,,,,,,
Xiaomi,Xiaomi Mi8 Pro,350,,,,,,,,,,,,,,,,,,,,,,,,,,
Xiaomi,Xiaomi Mi Play,124,,,,,,,,,,,,,,,,,,,,,,,,,,
Xiaomi,Xiaomi Redmi Note 7,140,,,,,,,,,,,,,,,,,,,,,,,,,,
Xiaomi,Xiaomi Redmi Go,103,,,,,,,,,,,,,,,,,,,,,,,,,,
Xiaomi,Xiaomi Mi 9 SE,292,,,,,,,,,,,,,,,,,,,,,,,,,,
Xiaomi,Xiaomi Mi 9,379,,,,,,,,,,,,,,,,,,,,,,,,,,
Xiaomi,Xiaomi Mi Mix 3 5G,400,,,,,,,,,,,,,,,,,,,,,,,,,,
Xiaomi,Xiaomi Redmi 7,112,,,,,,,,,,,,,,,,,,,,,,,,,,
Xiaomi,Xiaomi Redmi 7A,100,,,,,,,,,,,,,,,,,,,,,,,,,,
Xiaomi,Xiaomi Redmi K20 Pro,342,,,,,,,,,,,,,,,,,,,,,,,,,,
Xiaomi,Xiaomi Redmi K20,270,,,,,,,,,,,,,,,,,,,,,,,,,,
Xiaomi,Xiaomi Mi 9T,262,,,,,,,,,,,,,,,,,,,,,,,,,,
Xiaomi,Xiaomi CC9,224,,,,,,,,,,,,,,,,,,,,,,,,,,
Xiaomi,Xiaomi CC9e,217,,,,,,,,,,,,,,,,,,,,,,,,,,
Xiaomi,Xiaomi Mi 9T Pro,432,,,,,,,,,,,,,,,,,,,,,,,,,,
Xiaomi,Xiaomi Redmi Note 8 Pro,184,,,,,,,,,,,,,,,,,,,,,,,,,,
Xiaomi,Xiaomi Redmi Note 8,139,,,,,,,,,,,,,,,,,,,,,,,,,,
Xiaomi,Xiaomi Mi 9 Lite,245,,,,,,,,,,,,,,,,,,,,,,,,,,
Xiaomi,Xiaomi Mi 9 Pro,797,,,,,,,,,,,,,,,,,,,,,,,,,,
Xiaomi,Xiaomi Redmi 8A,88,,,,,,,,,,,,,,,,,,,,,,,,,,
Xiaomi,Xiaomi Redmi 8,108,,,,,,,,,,,,,,,,,,,,,,,,,,
Xiaomi,Xiaomi Mi CC9 Pro,409,,,,,,,,,,,,,,,,,,,,,,,,,,
Xiaomi,Xiaomi Mi Note 10,420,,,,,,,,,,,,,,,,,,,,,,,,,,
Xiaomi,Xiaomi redmi Note 8T,149,,,,,,,,,,,,,,,,,,,,,,,,,,
Xiaomi,Xiaomi Redmi K30 5G,389,,,,,,,,,,,,,,,,,,,,,,,,,,
Xiaomi,Xiaomi Redmi K30,290,,,,,,,,,,,,,,,,,,,,,,,,,,
Xiaomi,Xiaomi Mi 10 Pro,1012,,,,,,,,,,,,,,,,,,,,,,,,,,
Xiaomi,Xiaomi Mi 10,690,,,,,,,,,,,,,,,,,,,,,,,,,,
Xiaomi,Xiaomi Redmi Note 9S,179,,,,,,,,,,,,,,,,,,,,,,,,,,
Xiaomi,Xiaomi Redmi K30 Pro,507,,,,,,,,,,,,,,,,,,,,,,,,,,
Xiaomi,Xiaomi Mi 10 Lite Zoom,400,,,,,,,,,,,,,,,,,,,,,,,,,,
Samsung,Samsung Galaxy S3,334,,,,,,,,,,,,,,,,,,,,,,,,,,
Samsung,Samsung Galaxy S5,216,,,,,,,,,,,,,,,,,,,,,,,,,,
Samsung,Samsung Galaxy S3 Mini VE,235,,,,,,,,,,,,,,,,,,,,,,,,,,
Samsung,Samsung Galaxy S5 Mini,311,,,,,,,,,,,,,,,,,,,,,,,,,,
Samsung,Samsung Galaxy Alpha,178,,,,,,,,,,,,,,,,,,,,,,,,,,
Samsung,Samsung Galaxy Grand Prime,150,,,,,,,,,,,,,,,,,,,,,,,,,,
Samsung,Samsung Galaxy Core Prime,302,,,,,,,,,,,,,,,,,,,,,,,,,,
Samsung,Samsung Galaxy Grand Neo Plus,185,,,,,,,,,,,,,,,,,,,,,,,,,,
Samsung,Samsung Galaxy J1 mini,108,,,,,,,,,,,,,,,,,,,,,,,,,,
Samsung,Samsung Galaxy Xcover 3,342,,,,,,,,,,,,,,,,,,,,,,,,,,
Samsung,Samsung Galaxy J7,80,,,,,,,,,,,,,,,,,,,,,,,,,,
Samsung,Samsung Galaxy J3,152,,,,,,,,,,,,,,,,,,,,,,,,,,
Samsung,Samsung Galaxy A3 (2016),244,,,,,,,,,,,,,,,,,,,,,,,,,,
Samsung,Samsung Galaxy A5 (2016),247,,,,,,,,,,,,,,,,,,,,,,,,,,
Samsung,Samsung Galaxy S7,200,,,,,,,,,,,,,,,,,,,,,,,,,,
Samsung,Samsung Galaxy S7 Edge,189,,,,,,,,,,,,,,,,,,,,,,,,,,
Samsung,Samsung Galaxy J5 (2016),132,,,,,,,,,,,,,,,,,,,,,,,,,,
Samsung,Samsung Galaxy J3 (2016),172,,,,,,,,,,,,,,,,,,,,,,,,,,
Samsung,Samsung Galaxy Grand Prime+,150,,,,,,,,,,,,,,,,,,,,,,,,,,
Samsung,Samsung Galaxy A3 (2017),238,,,,,,,,,,,,,,,,,,,,,,,,,,
Samsung,Samsung Galaxy A5 (2017),280,,,,,,,,,,,,,,,,,,,,,,,,,,
Samsung,Samsung Galaxy S8+,274,,,,,,,,,,,,,,,,,,,,,,,,,,
Samsung,Samsung Galaxy S8,271,,,,,,,,,,,,,,,,,,,,,,,,,,
Samsung,Samsung Galaxy J5 (2017),216,,,,,,,,,,,,,,,,,,,,,,,,,,
Samsung,Samsung Galaxy Note 8,565,,,,,,,,,,,,,,,,,,,,,,,,,,
Samsung,Samsung Galaxy J2 (2018),173,,,,,,,,,,,,,,,,,,,,,,,,,,
Samsung,Samsung Galaxy A8 (2018),270,,,,,,,,,,,,,,,,,,,,,,,,,,
Samsung,Samsung Galaxy S9+,736,,,,,,,,,,,,,,,,,,,,,,,,,,
Samsung,Samsung Galaxy S9,564,,,,,,,,,,,,,,,,,,,,,,,,,,
Samsung,Samsung Galaxy J2 Core,93,,,,,,,,,,,,,,,,,,,,,,,,,,
Samsung,Samsung Galaxy J6 (2018),195,,,,,,,,,,,,,,,,,,,,,,,,,,
Samsung,Samsung Galaxy J4+,166,,,,,,,,,,,,,,,,,,,,,,,,,,
Samsung,Samsung Galaxy Note 9,660,,,,,,,,,,,,,,,,,,,,,,,,,,
Samsung,Samsung Galaxy A7 (2018),282,,,,,,,,,,,,,,,,,,,,,,,,,,
Samsung,Samsung Galaxy A9 (2018),325,,,,,,,,,,,,,,,,,,,,,,,,,,
Samsung,Samsung Galaxy J4 Core,157,,,,,,,,,,,,,,,,,,,,,,,,,,
Samsung,Samsung Galaxy A8s,409,,,,,,,,,,,,,,,,,,,,,,,,,,
Samsung,Samsung Galaxy M20,172,,,,,,,,,,,,,,,,,,,,,,,,,,
Samsung,Samsung Galaxy S10e,445,,,,,,,,,,,,,,,,,,,,,,,,,,
Samsung,Samsung Galaxy S10+,613,,,,,,,,,,,,,,,,,,,,,,,,,,
Samsung,Samsung Galaxy S10,536,,,,,,,,,,,,,,,,,,,,,,,,,,
Samsung,Samsung Galaxy A50,254,,,,,,,,,,,,,,,,,,,,,,,,,,
Samsung,Samsung Galaxy A80,379,,,,,,,,,,,,,,,,,,,,,,,,,,
Samsung,Samsung Galaxy A70,362,,,,,,,,,,,,,,,,,,,,,,,,,,
Samsung,Samsung Galaxy A20e,148,,,,,,,,,,,,,,,,,,,,,,,,,,
Samsung,Samsung Galaxy A20,167,,,,,,,,,,,,,,,,,,,,,,,,,,
Samsung,Samsung Galaxy A40s,297,,,,,,,,,,,,,,,,,,,,,,,,,,
Samsung,Samsung Galaxy A2 Core,130,,,,,,,,,,,,,,,,,,,,,,,,,,
Samsung,Samsung Galaxy Xcover 4s,244,,,,,,,,,,,,,,,,,,,,,,,,,,
Samsung,Samsung Galaxy Note10+,903,,,,,,,,,,,,,,,,,,,,,,,,,,
Samsung,Samsung Galaxy Note10,738,,,,,,,,,,,,,,,,,,,,,,,,,,
Samsung,Samsung Galaxy A10s,141,,,,,,,,,,,,,,,,,,,,,,,,,,
Samsung,Samsung Galaxy A30s,198,,,,,,,,,,,,,,,,,,,,,,,,,,
Samsung,Samsung Galaxy A90 5G,542,,,,,,,,,,,,,,,,,,,,,,,,,,
Samsung,Samsung Galaxy M30s,217,,,,,,,,,,,,,,,,,,,,,,,,,,
Samsung,Samsung Galaxy A51,278,,,,,,,,,,,,,,,,,,,,,,,,,,
Samsung,Samsung Galaxy A71,369,,,,,,,,,,,,,,,,,,,,,,,,,,
Samsung,Samsung Galaxy Note10 Lite,564,,,,,,,,,,,,,,,,,,,,,,,,,,
Samsung,Samsung Galaxy S10 Lite,566,,,,,,,,,,,,,,,,,,,,,,,,,,
Samsung,Samsung Galaxy XCover Pro,483,,,,,,,,,,,,,,,,,,,,,,,,,,
Samsung,Samsung Galaxy S20 Ultra,1304,,,,,,,,,,,,,,,,,,,,,,,,,,
Samsung,Samsung Galaxy S20+,883,,,,,,,,,,,,,,,,,,,,,,,,,,
Samsung,Samsung Galaxy S20,882,,,,,,,,,,,,,,,,,,,,,,,,,,
Apple,Apple iPhone 6,113,,,,,,,,,,,,,,,,,,,,,,,,,,
Apple,Apple iPhone 6s,131,,,,,,,,,,,,,,,,,,,,,,,,,,
Apple,Apple iPhone SE 2020,503,,,,,,,,,,,,,,,,,,,,,,,,,,
Apple,Apple iPhone 7 Plus,319,,,,,,,,,,,,,,,,,,,,,,,,,,
Apple,Apple iPhone 7,186,,,,,,,,,,,,,,,,,,,,,,,,,,
Apple,Apple iPhone 8 Plus,608,,,,,,,,,,,,,,,,,,,,,,,,,,
Apple,Apple iPhone Xs Max,755,,,,,,,,,,,,,,,,,,,,,,,,,,
Apple,Apple iPhone Xs,692,,,,,,,,,,,,,,,,,,,,,,,,,,
Apple,Apple iPhone 11 Pro Max,1491,,,,,,,,,,,,,,,,,,,,,,,,,,
Apple,Apple iPhone Xr,1052,,,,,,,,,,,,,,,,,,,,,,,,,,
Apple,Apple iPhone 11 Pro,1025,,,,,,,,,,,,,,,,,,,,,,,,,,
Apple,Apple iPhone 11,756,,,,,,,,,,,,,,,,,,,,,,,,,,
Vivo,Vivo iQOO Pro,418,,,,,,,,,,,,,,,,,,,,,,,,,,
Vivo,Vivo XPlay 5,256,,,,,,,,,,,,,,,,,,,,,,,,,,
Vivo,Vivo X6,230,,,,,,,,,,,,,,,,,,,,,,,,,,
Vivo,Vivo X6A,176,,,,,,,,,,,,,,,,,,,,,,,,,,
Vivo,Vivo X7 Plus,395,,,,,,,,,,,,,,,,,,,,,,,,,,
Vivo,Vivo X7,167,,,,,,,,,,,,,,,,,,,,,,,,,,
Vivo,Vivo X9 Plus,230,,,,,,,,,,,,,,,,,,,,,,,,,,
Vivo,Vivo Y67,169,,,,,,,,,,,,,,,,,,,,,,,,,,
Vivo,Vivo Xplay 6,375,,,,,,,,,,,,,,,,,,,,,,,,,,
Vivo,Vivo X9,176,,,,,,,,,,,,,,,,,,,,,,,,,,
Vivo,Vivo Y66,163,,,,,,,,,,,,,,,,,,,,,,,,,,
Vivo,Vivo X9s Plus,235,,,,,,,,,,,,,,,,,,,,,,,,,,
Vivo,Vivo Y69,205,,,,,,,,,,,,,,,,,,,,,,,,,,
Vivo,Vivo X20 Plus,282,,,,,,,,,,,,,,,,,,,,,,,,,,
Vivo,Vivo X20,202,,,,,,,,,,,,,,,,,,,,,,,,,,
Vivo,Vivo X21,248,,,,,,,,,,,,,,,,,,,,,,,,,,
Vivo,Vivo Y85,175,,,,,,,,,,,,,,,,,,,,,,,,,,
Vivo,Vivo Y83,162,,,,,,,,,,,,,,,,,,,,,,,,,,
Vivo,Vivo X21i,280,,,,,,,,,,,,,,,,,,,,,,,,,,
Vivo,Vivo Z1,172,,,,,,,,,,,,,,,,,,,,,,,,,,
Vivo,Vivo Y75s,248,,,,,,,,,,,,,,,,,,,,,,,,,,
Vivo,Vivo Nex S,583,,,,,,,,,,,,,,,,,,,,,,,,,,
Vivo,Vivo Nex,440,,,,,,,,,,,,,,,,,,,,,,,,,,
Vivo,Vivo Z1i,195,,,,,,,,,,,,,,,,,,,,,,,,,,
Vivo,Vivo Y97,195,,,,,,,,,,,,,,,,,,,,,,,,,,
Vivo,Vivo X23,332,,,,,,,,,,,,,,,,,,,,,,,,,,
Vivo,Vivo Z3i,248,,,,,,,,,,,,,,,,,,,,,,,,,,
Vivo,Vivo Z3,254,,,,,,,,,,,,,,,,,,,,,,,,,,
Vivo,Vivo Y73,205,,,,,,,,,,,,,,,,,,,,,,,,,,
Vivo,Vivo Z1 Lite,190,,,,,,,,,,,,,,,,,,,,,,,,,,
Vivo,Vivo Y93,149,,,,,,,,,,,,,,,,,,,,,,,,,,
Vivo,Vivo X21s,362,,,,,,,,,,,,,,,,,,,,,,,,,,
Vivo,Vivo Y93s,181,,,,,,,,,,,,,,,,,,,,,,,,,,
Vivo,Vivo NEX Dual Display,431,,,,,,,,,,,,,,,,,,,,,,,,,,
Vivo,Vivo U1,151,,,,,,,,,,,,,,,,,,,,,,,,,,
Vivo,Vivo iQOO,378,,,,,,,,,,,,,,,,,,,,,,,,,,
Vivo,Vivo V15,692,,,,,,,,,,,,,,,,,,,,,,,,,,
Vivo,Vivo S1,280,,,,,,,,,,,,,,,,,,,,,,,,,,
Vivo,Vivo X27 Pro,426,,,,,,,,,,,,,,,,,,,,,,,,,,
Vivo,Vivo Z3x,170,,,,,,,,,,,,,,,,,,,,,,,,,,
Vivo,Vivo S1 Pro,362,,,,,,,,,,,,,,,,,,,,,,,,,,
Vivo,Vivo Z5x,144,,,,,,,,,,,,,,,,,,,,,,,,,,
Vivo,Vivo iQOO Neo,361,,,,,,,,,,,,,,,,,,,,,,,,,,
Vivo,Vivo Y7s,242,,,,,,,,,,,,,,,,,,,,,,,,,,
Vivo,Vivo Z5,322,,,,,,,,,,,,,,,,,,,,,,,,,,
Vivo,Vivo Nex 3,539,,,,,,,,,,,,,,,,,,,,,,,,,,
Vivo,Vivo U3x,120,,,,,,,,,,,,,,,,,,,,,,,,,,
Vivo,Vivo U3,230,,,,,,,,,,,,,,,,,,,,,,,,,,
Vivo,Vivo iQOO Neo 855,445,,,,,,,,,,,,,,,,,,,,,,,,,,
Vivo,Vivo Y5s,239,,,,,,,,,,,,,,,,,,,,,,,,,,
Vivo,Vivo S5,297,,,,,,,,,,,,,,,,,,,,,,,,,,
Vivo,Vivo Z5i,272,,,,,,,,,,,,,,,,,,,,,,,,,,
Vivo,Vivo Y9s,280,,,,,,,,,,,,,,,,,,,,,,,,,,
Vivo,Vivo X30 Pro,506,,,,,,,,,,,,,,,,,,,,,,,,,,
Vivo,Vivo X30,452,,,,,,,,,,,,,,,,,,,,,,,,,,
Vivo,Vivo iQOO 3,583,,,,,,,,,,,,,,,,,,,,,,,,,,
Vivo,Vivo Z6,323,,,,,,,,,,,,,,,,,,,,,,,,,,
Vivo,Vivo NEX 3s 5G,680,,,,,,,,,,,,,,,,,,,,,,,,,,
Vivo,Vivo S6,385,,,,,,,,,,,,,,,,,,,,,,,,,,
Vivo,Vivo iQoo Neo3,456,,,,,,,,,,,,,,,,,,,,,,,,,,
OnePlus,OnePlus 3T,319,,,,,,,,,,,,,,,,,,,,,,,,,,
OnePlus,OnePlus 5,311,,,,,,,,,,,,,,,,,,,,,,,,,,
OnePlus,OnePlus 5T,277,,,,,,,,,,,,,,,,,,,,,,,,,,
OnePlus,OnePlus 6,482,,,,,,,,,,,,,,,,,,,,,,,,,,
OnePlus,OnePlus 7 Pro,710,,,,,,,,,,,,,,,,,,,,,,,,,,
OnePlus,OnePlus 7,661,,,,,,,,,,,,,,,,,,,,,,,,,,
OnePlus,OnePlus 7T,640,,,,,,,,,,,,,,,,,,,,,,,,,,
OnePlus,OnePlus 7T Pro,737,,,,,,,,,,,,,,,,,,,,,,,,,,
OnePlus,OnePlus 8 Pro,882,,,,,,,,,,,,,,,,,,,,,,,,,,
OnePlus,OnePlus 8,665,,,,,,,,,,,,,,,,,,,,,,,,,,
Google,Google Pixel XL,117,,,,,,,,,,,,,,,,,,,,,,,,,,
Google,Google Pixel,117,,,,,,,,,,,,,,,,,,,,,,,,,,
Google,Google Pixel 2 XL,219,,,,,,,,,,,,,,,,,,,,,,,,,,
Google,Google Pixel 2,166,,,,,,,,,,,,,,,,,,,,,,,,,,
Google,Google Pixel 3,348,,,,,,,,,,,,,,,,,,,,,,,,,,
Google,Google Pixel 3 XL,371,,,,,,,,,,,,,,,,,,,,,,,,,,
Google,Google Pixel 3a XL,434,,,,,,,,,,,,,,,,,,,,,,,,,,
Google,Google Pixel 3a,541,,,,,,,,,,,,,,,,,,,,,,,,,,
Google,Google Pixel 4 XL,800,,,,,,,,,,,,,,,,,,,,,,,,,,
Google,Google Pixel 4,508,,,,,,,,,,,,,,,,,,,,,,,,,,
Oppo,Oppo R7 Plus,150,,,,,,,,,,,,,,,,,,,,,,,,,,
Oppo,Oppo R7s,135,,,,,,,,,,,,,,,,,,,,,,,,,,
Oppo,Oppo R9,167,,,,,,,,,,,,,,,,,,,,,,,,,,
Oppo,Oppo R9 Plus,208,,,,,,,,,,,,,,,,,,,,,,,,,,
Oppo,Oppo A37,135,,,,,,,,,,,,,,,,,,,,,,,,,,
Oppo,Oppo A59S,167,,,,,,,,,,,,,,,,,,,,,,,,,,
Oppo,Oppo R9s Plus,276,,,,,,,,,,,,,,,,,,,,,,,,,,
Oppo,Oppo R9s,180,,,,,,,,,,,,,,,,,,,,,,,,,,
Oppo,Oppo A57,135,,,,,,,,,,,,,,,,,,,,,,,,,,
Oppo,Oppo A77,208,,,,,,,,,,,,,,,,,,,,,,,,,,
Oppo,Oppo R11 Plus,248,,,,,,,,,,,,,,,,,,,,,,,,,,
Oppo,Oppo R11,185,,,,,,,,,,,,,,,,,,,,,,,,,,
Oppo,Oppo R11s Plus,311,,,,,,,,,,,,,,,,,,,,,,,,,,
Oppo,Oppo R11s,230,,,,,,,,,,,,,,,,,,,,,,,,,,
Oppo,Oppo A79,219,,,,,,,,,,,,,,,,,,,,,,,,,,
Oppo,Oppo R15,258,,,,,,,,,,,,,,,,,,,,,,,,,,
Oppo,Oppo A1,191,,,,,,,,,,,,,,,,,,,,,,,,,,
Oppo,Oppo Find X,528,,,,,,,,,,,,,,,,,,,,,,,,,,
Oppo,Oppo A5,172,,,,,,,,,,,,,,,,,,,,,,,,,,
Oppo,Oppo R17,342,,,,,,,,,,,,,,,,,,,,,,,,,,
Oppo,Oppo RX17 Pro,441,,,,,,,,,,,,,,,,,,,,,,,,,,
Oppo,Oppo A7x,195,,,,,,,,,,,,,,,,,,,,,,,,,,
Oppo,Oppo K1,226,,,,,,,,,,,,,,,,,,,,,,,,,,
Oppo,Oppo R15x,270,,,,,,,,,,,,,,,,,,,,,,,,,,
Oppo,Oppo RX17 Neo,334,,,,,,,,,,,,,,,,,,,,,,,,,,
Oppo,Oppo Reno 10X Zoom,646,,,,,,,,,,,,,,,,,,,,,,,,,,
Oppo,Oppo Reno,324,,,,,,,,,,,,,,,,,,,,,,,,,,
Oppo,Oppo A9,342,,,,,,,,,,,,,,,,,,,,,,,,,,
Oppo,Oppo A9X,310,,,,,,,,,,,,,,,,,,,,,,,,,,
Oppo,Oppo K3,332,,,,,,,,,,,,,,,,,,,,,,,,,,
Oppo,Oppo Reno Z,403,,,,,,,,,,,,,,,,,,,,,,,,,,
Oppo,Oppo Reno 2Z,304,,,,,,,,,,,,,,,,,,,,,,,,,,
Oppo,Oppo A5 2020,183,,,,,,,,,,,,,,,,,,,,,,,,,,
Oppo,Oppo A9 2020,226,,,,,,,,,,,,,,,,,,,,,,,,,,
Oppo,Oppo A11x,330,,,,,,,,,,,,,,,,,,,,,,,,,,
Oppo,Oppo Reno Ace,422,,,,,,,,,,,,,,,,,,,,,,,,,,
Oppo,Oppo A11,195,,,,,,,,,,,,,,,,,,,,,,,,,,
Oppo,Oppo Reno 3 Pro,552,,,,,,,,,,,,,,,,,,,,,,,,,,
Oppo,Oppo Reno 3,357,,,,,,,,,,,,,,,,,,,,,,,,,,
Oppo,Oppo A91,281,,,,,,,,,,,,,,,,,,,,,,,,,,
Oppo,Oppo A8,195,,,,,,,,,,,,,,,,,,,,,,,,,,
Oppo,Oppo Reno Ace 2,617,,,,,,,,,,,,,,,,,,,,,,,,,,
Nokia,Nokia Lumia 930,346,,,,,,,,,,,,,,,,,,,,,,,,,,
Nokia,Nokia Lumia 635,86,,,,,,,,,,,,,,,,,,,,,,,,,,
Nokia,Nokia Lumia 530,85,,,,,,,,,,,,,,,,,,,,,,,,,,
Nokia,Nokia 5,224,,,,,,,,,,,,,,,,,,,,,,,,,,
Nokia,Nokia 3,129,,,,,,,,,,,,,,,,,,,,,,,,,,
Nokia,Nokia 2,92,,,,,,,,,,,,,,,,,,,,,,,,,,
Nokia,Nokia 8 Sirocco,436,,,,,,,,,,,,,,,,,,,,,,,,,,
Nokia,Nokia 1,112,,,,,,,,,,,,,,,,,,,,,,,,,,
Nokia,Nokia 5.1,140,,,,,,,,,,,,,,,,,,,,,,,,,,
Nokia,Nokia 5.1 Plus,149,,,,,,,,,,,,,,,,,,,,,,,,,,
Nokia,Nokia X7,319,,,,,,,,,,,,,,,,,,,,,,,,,,
Nokia,Nokia 3.1 Plus,130,,,,,,,,,,,,,,,,,,,,,,,,,,
Nokia,Nokia 8.1,357,,,,,,,,,,,,,,,,,,,,,,,,,,
Nokia,Nokia 3.2,136,,,,,,,,,,,,,,,,,,,,,,,,,,
Nokia,Nokia 4.2,92,,,,,,,,,,,,,,,,,,,,,,,,,,
Nokia,Nokia 1 Plus,97,,,,,,,,,,,,,,,,,,,,,,,,,,
Nokia,Nokia 9 Pureview,400,,,,,,,,,,,,,,,,,,,,,,,,,,
Nokia,Nokia X71,541,,,,,,,,,,,,,,,,,,,,,,,,,,
Nokia,Nokia 2.2,119,,,,,,,,,,,,,,,,,,,,,,,,,,
Nokia,Nokia 6.2,235,,,,,,,,,,,,,,,,,,,,,,,,,,
Nokia,Nokia 7.2,218,,,,,,,,,,,,,,,,,,,,,,,,,,
Nokia,Nokia 2.3,147,,,,,,,,,,,,,,,,,,,,,,,,,,
